{
    "type": "ItemBridge",
    "name": "Izurdium Enfinity Bridge Conveyor",
    "description": "A better Bridge Conveyor",
    "health": 250,
    "requirements": [
        {"item": "silicon", "amount": 94},
        {"item": "copper", "amount": 54},
        {"item": "titanium", "amount": 40}
      {"item": "morbinium", "amount": 40},
        {"item": "infinityalloy", "amount": 4}
    ],
    "range": 800,
    "transportTime": 4,
    "hasPower": false,
    "category": "distribution",
    "research": "bridge-conveyor"
}