{
    "type": "MassDriver",
    "name": "Large Mass Driver",
    "description": "The ultimate item transport block, a better mass driver",
    "health": 500,
    "requirements": [
        {"item": "lead", "amount": 200},
        {"item": "titanium", "amount": 200},
        {"item": "thorium", "amount": 100},
        {"item": "silicon", "amount": 125},
        {"item": "morbinium", "amount": 125},
        {"item": "paladiy", "amount": 280},
        {"item": "izurdium", "amount": 1025}
    ],
    "size": 4,
    "itemCapacity": 800,
    "reloadTime": 120,
    "range": 888,
    "consumes": {"power": 2.5},
    "category": "distribution",
    "research": "mass-driver"
}
