{
	"type": "doubleTurret",
	"name": "extremelyturret Turret",
	"description": "-",
	"health": 2000,
	"size": 4,
	"recoil" : 6,
	"reload": 4,
	"range": 280,
	"ammoUseEffect": "shellEjectSmall",
	"inaccuracy": 10,
	"rotatespeed": 12,
	"ammo": {
		"copper": {
			"speed": 18.0,
			"damage": 450,
			"reloadMultiplier": 0.5,
			"bulletWidth": 5,
			"bulletHeight": 9,
			"shootEffect": "shootSmall",
			"smokeEffect": "shootSmallSmoke",
			"ammoMultiplier": 2,
			"backColor": "ac7349",
			"frontColor": "dcd16b"
		},
	},
	"requirements": [
		{ "item": "copper", "amount": 1080 },
	{ "item": "infinityalloy", "amount": 1 },
	{ "item": "morbinium", "amount": 180 },
	{ "item": "izurdium", "amount": 100 }
	],
	"category": "turret",
	"research": "infinityturret"
}
