{
	"type": "doubleTurret",
	"name": "Iron Turret",
	"description": "-",
	"health": 2000,
	"size": 2,
	"recoil" : 6,
	"reload": 4,
	"range": 1000,
	"ammoUseEffect": "shellEjectSmall",
	"inaccuracy": 10,
	"rotatespeed": 12,
	"ammo": {
		"copper": {
			"speed": 18.0,
			"damage": 450,
			"reloadMultiplier": 0.5,
			"bulletWidth": 5,
			"bulletHeight": 9,
			"shootEffect": "shootSmall",
			"smokeEffect": "shootSmallSmoke",
			"ammoMultiplier": 2,
			"backColor": "ac7349",
			"frontColor": "dcd16b"
		},
	},
	"requirements": [
		{ "item": "copper", "amount": 1 }
	],
	"category": "turret",
	"research": "duo"
}
