{
  "type": "ForceProjector",
  "name": "coated-force-projector",
  "description": "coated force projector",
  "size": 3,
  "phaseRadiusBoost": "280",
  "radius": 280,
  "breakage": 1250,
  "cooldownNormal": 1.5,
  "cooldownLiquid": 1.75,
  "cooldownBrokenBase": 2,
  "consumes": {
    "power": 4,
    "items": {
      "items": [
        { "item": "copper", "amount": 1 },
      ],
      "optional": true,
      "booster": true
    }
  },
  "category": "effect",
	"research": "force-projector",
  "requirements": [
    { "item": "lead", "amount": 150 },
    { "item": "titanium", "amount": 100 },
    { "item": "silicon", "amount": 200 }
  ]
}
