{
            "type": "MendProjector",
            "name": "coated-mender-projector",
            "description": "coated mender projector",
            "size": 2,
            "reload": 60,
            "range": 115,
            "healPercent": 250,
            "phaseBoost": 16,
            "phaseRangeBoost": 750,
            "health": 800,
            "consumes": {
              "power": 1.75,
              "items": {
                "items": [
                  { "item": "phase-fabric", "amount": 1 },
                ],
                "optional": true,
                "booster": true
              }
            },
            "requirements": [
              { "item": "lead", "amount": 120 },
              { "item": "titanium", "amount": 50 },
              { "item": "silicon", "amount": 60 },
            ],
            "category": "effect",
            "research": "mend-projector"
}
