{
  "type": "OverdriveProjector",
  "name": "coated-overdrive-projector",
  "consumes": {
    "power": 4,
    "items": {
      "items": [
        { "item": "phase-fabric", "amount": 1 },
      ],
      "optional": true,
      "booster": true
    }
  },
  "size": 2,
  "range": 160,
  "speedBoost": 8.0,
  "speedBoostPhase": 1.0,
	"category": "effect",
	"research": "overdrive-projector",
  "requirements": [
    { "item": "lead", "amount": 150 },
    { "item": "titanium", "amount": 100 },
    { "item": "silicon", "amount": 100 },
    { "item": "plastanium", "amount": 50 }
  ]
}
