{
	"type": "ImpactReactor",
	"name": "Iz reactor",
	"description": "Utilizes the phenomena that occurs when thorge particles are blasted together",
	"itemCapacity": 10,
	"size": 5,
	"hasLiquids": true,
	"powerProduction": 250,
	"itemDuration": 250,
	"generateEffect": "smeltsmoke",
"explosionDamage": 1350,
    "explosionRadius": 40,
    "coolantPower": 0.8,
	"plasma0": "f3e979",
	"plasma1": "f3e979",
	"plasma2": "f2c6ca",
	"plasma3": "f2c6ca",
	"consumes": {
		"power": 50.0,
		"item": "izurdium",
		"liquid": {
			"liquid": "cryofluid",
			"amount": 0.4
		}
	},
	"requirements": [
	    {
			"item": "titanium",
			"amount": 2000
		},
		{
			"item": "metaglass",
			"amount": 1500
		},
		{
			"item": "graphite",
			"amount": 1700
		},
		{
			"item": "thorium",
			"amount": 1200
		},
		{
			"item": "silicon",
			"amount": 2000
		},
		{
			"item": "paladiy",
			"amount": 280
		},
		{
			"item": "vanadiy",
			"amount": 250
		},
	],
	"category": "power",
	"research": "impact-reactor",
	"idleSound": "EnergyLoop2",
	"idleSoundVolume": 0.5
}