{
  "name": "Armageddon mech pad",
  "description": "Transform into the Armageddon mech.",
  "type": "MechPad",
  "mech": "ar-mech",
  "size": 2,
  "consumes": {
    "power": 2.5
  },
  "category": "upgrade",
  "research": "omega-mech-pad",
  "requirements": [
    { "item": "lead", "amount": 200 },
    { "item": "metasteel", "amount": 175 },
    { "item": "silicon", "amount": 150 },
    { "item": "graphite", "amount": 125 },
    { "item": "titanium", "amount": 100 },
    { "item": "morbinium", "amount": 50 },
 { "item": "infinityalloy", "amount": 10 },
    { "item": "paladiy", "amount": 100 },
    { "item": "vanadiy", "amount": 100 },
    { "item": "itriy", "amount": 80 },
    { "item": "itriy", "amount": 20 }
  ]
}

