{
  "name": "Armageddon mech pad",
  "description": "Transform into the Armageddon mech.",
  "type": "MechPad",
  "mech": "drill-mech",
  "size": 2,
  "consumes": {
    "power": 2.5
  },
  "category": "upgrade",
  "research": "omega-mech-pad",
  "requirements": [
    { "item": "lead", "amount": 200 },
    { "item": "metasteel", "amount": 175 },
    { "item": "silicon", "amount": 150 },
    { "item": "graphite", "amount": 125 },
    { "item": "titanium", "amount": 100 },
 { "item": "morbinium", "amount": 125 },
    { "item": "infinitycrystal", "amount": 8 },
    { "item": "itriy", "amount": 150 },
    { "item": "paladiy", "amount": 125 },
    { "item": "talliy", "amount": 100 }
  ]
}

