{
  "type": "MechPad",
  "name": "diamond-dart-mech-pad",
  "description": "ultimate dart",
  "size": 2,
  "mech": "turbo mech",
  "consumes": {
    "power": 0.75,
  },
  "requirements": [
    { "item": "lead" , "amount": 75 },
    { "item": "copper", "amount": 50 },
    { "item": "graphite", "amount": 25 },
    { "item": "titanium", "amount": 50 },
    { "item": "morbinium", "amount": 50 },
    { "item": "paladiy", "amount": 25 },
    { "item": "itriy", "amount": 50 }
  ],
  "category": "upgrade",
  "research": "omega-mech-pad"
}
