{"type": "GenericCrafter", 
"name": "Changer factory",
"description": "...",
"health": 389, 
"size": 4,
"requirements": [{"item": "titanium", "amount": 333}, {"item": "silicon", "amount": 180},
{"item": "copper", "amount": 1003}], 
"research": "alloy-smelter", 
"hasPower": true, 
"hasItems": true, 
"hasLiquids": true, 
"craftTime": 10,
"consumes": {"power": 7.0, "items": {"items": [{"item": "paladiy", "amount": 8},
{"item": "vanadiy", "amount": 60}]}, 
}
"updateEffect": "smeltsmoke", 
"category": "crafting", "idleSoundVolume": 0.5, "liquidCapacity": 10, "itemCapacity": 60, "outputItem": {"item": "itriy", "amount": 2}}