{
	"type": "GenericCrafter",
	"name": "Molten Izurdium Forge",
	"description": "-",
	"liquidCapacity": 60,
	"outputLiquid": {"liquid": "moltenizurdium", "amount": 7.0},
	"size": 2,
	"hasPower": true,
	"hasLiquids": true,
	"craftTime": 10,
	"health" : 300,
	"updateEffect": "smeltsmoke",
	"consumes": {
		"power": 4.0,
		"items": {
			"items": [
				{ "item": "izurdium", "amount": 1 }
			]
		}
	},
	"requirements": [
		{ "item": "lead", "amount": 50 },
		{ "item": "copper", "amount": 80 },
		{ "item": "silicon", "amount": 20 },
		{ "item": "titanium", "amount": 20 }
	],
	"category": "crafting",
	"research": "alloy-smelter",
	"idleSound": "respawning",
	"idleSoundVolume": 0.5
}
