{"type": "GenericCrafter", 
"name": "Izurdium Alloy factory",
"description": "...",
"health": 389, 
"size": 2,
"requirements": [{"item": "titanium", "amount": 300}, {"item": "silicon", "amount": 180},
{"item": "morbinium", "amount": 108},
{"item": "copper", "amount": 1003}], 
"research": "alloy-smelter", 
"hasPower": true, 
"hasItems": true, 
"hasLiquids": true, 
"craftTime": 10,
"consumes": {"power": 7.0, "items": {"items": [{"item": "infinitycrystal", "amount": 28}]},
}
"updateEffect": "smeltsmoke", 
"category": "crafting", "idleSoundVolume": 0.5, "liquidCapacity": 10, "itemCapacity": 30, "outputItem": {"item": "infinityalloy", "amount": 1}}