{"type": "GenericCrafter", 
"name": "Izurdium Alloy factory",
"description": "...",
"health": 389, 
"size": 2,
"requirements": [{"item": "titanium", "amount": 300}, {"item": "silicon", "amount": 1008},
{"item": "copper", "amount": 1500}], 
"research": "alloy-smelter", 
"hasPower": true, 
"hasItems": true, 
"hasLiquids": true, 
"craftTime": 10,
"consumes": {"power": 7.0, "items": {"items": [{"item": "silicon", "amount": 6}]}, 
"liquid": {"liquid": "moltenizurdium",
"amount": 7}}, 
"updateEffect": "smeltsmoke", 
"category": "crafting", "idleSoundVolume": 0.5, "liquidCapacity": 10, "itemCapacity": 20, "outputItem": {"item": "izurdium_alloy", "amount": 1}}