{"type": "GenericCrafter", 
"name": "Metasteel factory",
"description": "...",
"health": 389, 
"size": 2,
"requirements": [{"item": "titanium", "amount": 3330}, {"item": "silicon", "amount": 1800},
{"item": "copper", "amount": 10003}], 
"research": "alloy-smelter", 
"hasPower": true, 
"hasItems": true, 
"hasLiquids": true, 
"craftTime": 10,
"consumes": {"power": 7.0, "items": {"items": [{"item": "lead", "amount": 8},
{"item": "copper", "amount": 60},
{"item": "graphite", "amount": 2},
{"item": "titanium", "amount": 6}]}, 
}
"updateEffect": "smeltsmoke", 
"category": "crafting", "idleSoundVolume": 0.5, "liquidCapacity": 10, "itemCapacity": 60, "outputItem": {"item": "metasteel", "amount": 6}}